shot_id,dist,ang,gol
6629878_9282,13.152999087660579,0.1791122325447556,False
6631191_20398,33.99203137501494,0.18053628286320136,False
6630642_22485,38.350832533336224,0.16902470884747806,True
6629751_36063,39.5917349581955,0.3638445017187837,False
6630005_41923,52.34988340006117,0.15360742178473935,False
6630696_55734,8.110004254006284,0.14999386490247987,False
6630994_81112,19.931838776189213,0.1529056503765367,False
6631078_84442,34.340659763609665,0.16587444877908822,False
6631138_87364,25.59244703032518,0.24161594700396216,True
6630004_97301,16.261070967190324,0.18975627130416065,False
6630017_97336,5.783576747999461,0.15098037643696519,False
6630037_97586,25.00720748104434,0.2503041984747491,False
6630303_101017,23.656529458058717,0.14311157909297562,False
6630412_103151,23.087240393775954,0.21287953656888056,False
6630537_104943,16.959146706128816,0.19867215798782772,False
6630560_118684,30.802186237343605,0.17997625969902456,False
6630595_118797,19.325931723981643,0.1967755645410324,False
6630871_122360,21.560060343143753,0.1666599504472885,False
6630087_135796,12.435569950750146,0.17662236556089242,False
6630155_137064,38.08404265568455,0.4366017707796485,False
6630162_137118,28.371295511484846,0.1985813448425878,False
6630411_141301,21.226598832596803,0.17431613683199748,False
6630519_143129,14.73653191900998,0.1270251824709053,False
6629644_145107,6.542433262938185,0.14089550291738356,True
6629794_148731,48.95468321825809,0.1565496913879106,False
6629845_150105,23.581388360315003,0.20258396456839406,False
6629994_154340,11.705772464899528,0.16300742382479427,True
6630269_163216,9.700230770450771,0.16610542685112348,False
6630525_169313,18.66767476146936,0.15744833573383218,False
6630907_177725,15.741471373413608,0.17524372160696405,False
6630969_178866,9.70247313832922,0.16296872133425164,False
6631834_34467,41.204477632898104,0.4465889678739009,False
6632880_55442,10.883461214154256,0.17038096039221226,False
6632212_66995,16.15204321440479,0.16237192299939593,True
6632132_99402,18.536254233258667,0.20563708132613068,False
6632732_111452,14.230429262675107,0.14136310460977114,True
6632851_127904,21.363134835505765,0.2103554863931547,False
6633469_143879,20.5941558943308,0.1887383247017818,False
6631887_146479,33.45849279331034,0.34107013215882814,False
6632295_153614,29.19799133502166,0.29476757835523015,False
6632352_154624,19.544829111557867,0.21373995309855154,False
6633046_166417,14.011855587323186,0.14323847666704392,False
6633120_168099,50.39725341722503,0.15587085245036636,False
6633281_175265,51.17076430932022,0.06114173261825568,False
6633296_176472,19.247547168405642,0.1768702860718932,False
6633331_178050,30.39801638265234,0.23072457600446628,False
6633344_178399,17.411226981462278,0.1767305719155224,False
6633349_178538,15.092808949960245,0.18753420262906115,False
6633353_178573,13.42704152075207,0.17648394413375884,False
6633482_183230,30.627803871645774,0.3047435790035829,False
6634047_11423,9.902811923893132,0.1633513693688047,False
6634911_23681,11.765624590305437,0.13079055510647955,False
6635142_27408,31.51983097987678,0.3081203561422152,False
6633979_34584,19.24233468163362,0.18526146374095076,False
6634437_41920,25.55295403666668,0.2233715443810036,False
6634509_44096,27.145388577067745,0.16004445093984812,False
6634787_48931,18.05962624197965,0.1722155823292605,False
6635151_56355,51.96747540529557,0.3726616122307943,False
6633990_63851,26.05809651528676,0.23334716511610307,False
6634221_68376,9.579324610848094,0.16431793829153937,False
6634250_69471,9.495248548616303,0.1463148719105445,False
6634255_69539,9.364324001229345,0.16483599448078076,False
6634372_72434,11.938343268644939,0.17032712624853286,False
6634381_72460,9.918974997448073,0.16205996862391725,False
6634398_72502,10.486138898565095,0.13840138130953453,False
6634909_83822,36.80442697556912,0.3961382036281951,True
6635011_87305,14.84260061444759,0.14510709126111918,False
6634062_96024,20.539535851620407,0.21831632298588888,False
6634912_110773,17.606337410148654,0.1791171777435331,False
6634141_122999,12.404423767350098,0.1749446058349478,False
6634387_127409,42.43839149873614,0.38560173189008207,False
6634873_137880,16.737505190439826,0.19272781460582467,False
6635178_143239,17.3651776840895,0.18463678205570155,True
6634599_155876,14.823091715293405,0.18531450745118525,False
6635271_172276,18.28732457195421,0.17415073328685257,True
6635297_175410,14.02487992818477,0.1598356618590348,False
6635331_178771,26.8655762268372,0.16155385327986532,False
6635359_185288,10.863623382647246,0.17022690162823578,False
6635363_187563,10.880625073956002,0.17048154380901095,True
6635966_42339,10.02048990818313,0.1616669150192691,False
6635973_42376,4.018504448174716,0.14597729522113043,False
6635589_58579,12.355926351350591,0.1617338457248331,False
6636031_71157,11.243443467194556,0.17198163415506623,True
6636187_75929,46.62874694863674,0.14863675830898754,False
6636594_87834,46.16805966249827,0.816736934599119,True
6636086_98465,25.16781726729595,0.25495213897109087,False
6636527_106574,32.391358415478656,0.3182465222453431,False
6636616_110308,28.54871275556921,0.2317107327845203,False
6636713_112051,36.332090498621184,0.2091330036545188,True
6636035_133080,28.72954773399679,0.2896099222440942,False
6636401_141868,20.39960060883546,0.2168862031273525,False
6636233_160443,9.114711240626335,0.16238600168890494,False
6636492_165074,25.89359862977721,0.1580861605972464,False
6636664_169819,30.186603734106956,0.30819386217088485,False
6636712_172596,5.895750673154351,0.1407046133055133,False
6636770_176165,27.254594566788185,0.17428462845254705,False
6641520_5925,10.90809937615165,0.1626602336093672,False
6642326_15577,12.049065357943743,0.14676161140632527,False
6642383_15673,4.611745114379158,0.14873994574295119,False
6642062_44842,17.333722335378518,0.18543094283854325,False
6642670_74208,11.870075062947159,0.15171256627560903,False
6642904_79223,6.982701268133986,0.14649564466090292,True
6641333_89769,23.458084853627756,0.23884341546160334,False
6641614_94752,18.82135555691991,0.18916138231629714,False
6641760_96818,20.13262886460683,0.21742791512925205,False
6642365_106777,13.692936646315138,0.18043299296283902,True
6642486_110426,14.488880046435611,0.1862302305494057,False
6642564_112507,11.558236067843572,0.15930045674308427,False
6642710_115613,20.791879664907643,0.2219336920729533,False
6642728_115708,25.063951244765857,0.22321292604770776,False
6641479_119928,23.25995911432348,0.19093966799662232,False
6641848_125892,23.382579861939956,0.19220207112819895,False
6641942_126524,10.53527223188846,0.15656889470847507,False
6642888_140605,12.827305445805832,0.16296450086769532,False
6641403_145815,21.913954503922835,0.22035525544600915,False
6642309_162142,7.832687405992917,0.15538906205111838,False
6641455_181778,10.028334507783432,0.1377093035708716,False
6642346_197620,12.833865863409981,0.17735426081454844,False
6642376_197692,9.92147015315775,0.16454067075371026,False
6642809_204235,19.92766664715164,0.21377954025201648,False
6642824_204365,22.125006892654294,0.2310933240046531,False
6642859_204685,10.372135026116851,0.16868248560742574,False
6643175_241394,26.973735744238322,0.2636425625877953,False
6643180_241641,17.32090266123564,0.19204626861390683,False
6644962_14706,9.403292880688126,0.1589446634996189,False
6643826_14771,21.728967255716505,0.20512517425872,True
6643995_24890,20.734755484451707,0.19641404472570106,True
6643479_31980,29.344383994215995,0.2723695213198546,False
6643529_32744,27.175281948859336,0.20800721813504486,False
6644797_47631,44.22756155385463,0.3427977734626639,False
6644640_53489,36.834063908290105,0.2502741756349912,True
6643338_57268,29.610181019372373,0.19615327483815534,False
6643439_59624,20.56867231981685,0.1488961908885992,False
6643655_63208,18.170729209363063,0.1801055064092211,False
6643853_67041,48.425305915399235,0.8411137312325745,True
6644713_84089,47.82264740685108,0.9497896181354932,False
6644864_89317,42.916776603095435,0.5033046768168951,False
6644868_89341,11.410057186535047,0.17244043329071895,False
6643680_95391,50.48976692360542,0.2083108493579756,False
6644149_96975,17.210271961825587,0.17703775079206938,False
6644709_110664,23.89636275670421,0.24135878825013385,False
6644719_110859,16.923067156990186,0.1956344845764202,False
6644840_116289,20.900310906778394,0.2160711232506995,False
6643522_124658,44.10986866904049,0.11042613423301564,False
6644032_135275,16.1778473537118,0.1501092762474261,False
6644044_135329,6.786154802242576,0.15504249894441252,False
6644052_135353,6.8833367635181135,0.15606913305778622,False
6644969_147423,21.54756471158632,0.1541953138275714,False
6643326_150077,23.89291252652133,0.23978934212456104,True
6643681_156102,22.183516222637024,0.1800523235585493,False
6644539_172858,3.624931447627664,0.14221043252937593,False
6644557_173923,22.753436773375576,0.20198256537777778,False
6644597_175288,13.95207525782455,0.13129937998033142,False
6644733_180448,20.91033208727207,0.2227287137810789,False
6649936_21087,26.751314322851503,0.24537723418082444,False
6650158_45732,14.564613005500695,0.18677293485958626,False
6650171_45786,10.639442278615922,0.15607156108530365,False
6650262_47834,13.818518770114256,0.15129943276864208,False
6649198_59274,27.43194081722983,0.27088396356270356,False
6650483_76473,6.7208965175785895,0.1515191177415541,False
6649392_101738,27.052889383576016,0.1426233248721143,False
6648843_144217,21.66147587307938,0.2249922512754924,False
6649166_150297,8.595393242894712,0.15572439052885798,False
6649475_157616,32.755359637775314,0.13121751397093478,False
6649756_162907,15.150280426447557,0.15304460678906182,False
6649929_167069,10.356401160634904,0.13263152827036187,False
6650301_175448,10.916575516158906,0.16992346321710086,False
6650390_195406,12.09482939110759,0.15826420309883324,False
6650623_200642,35.33074164237144,0.24895999595757085,False
6650657_201966,11.8192481148337,0.15226485986503865,False
6650781_206585,22.038383901729276,0.15942463305789595,False
6649000_211398,52.07480677832612,0.03336259221406733,False
6650710_239734,16.970961227932847,0.1727840972340352,False
6650791_242617,7.607504255667558,0.13180176186811934,False
6651412_11218,18.67017155786202,0.18554366078101409,False
6651144_32419,15.83365510550233,0.16395634240317228,True
6651417_40196,17.270027909647396,0.20059187218737878,False
6651531_41725,4.154507190991489,0.14737071761395637,False
6652104_55653,20.8903779764752,0.2165458179777513,False
6651262_60947,23.446967074655944,0.23121375216908724,True
6651734_69850,5.154131643642795,0.14173670968402963,False
6651742_69980,37.170839713409755,0.26710854883948276,False
6652190_78200,5.600441411174657,0.1511910789216466,False
6652468_87409,14.180954128689649,0.17974713300254572,False
6651722_100883,9.568677703841843,0.14065769558369295,True
6651901_105292,20.513848249414348,0.1799474564779977,False
6652082_109578,26.400115473232304,0.20655451078609174,True
6652235_113455,6.009913892893975,0.1453441650505475,True
6651459_129855,8.678598619592913,0.1496302007167049,True
6651789_136981,21.050659847140185,0.22335075190649065,False
6651041_147177,23.57491620345659,0.22023181591297986,False
6651497_153925,15.052923470210033,0.17704183352728403,False
6651523_155029,16.312460053590932,0.18132031751593128,False
6651784_160525,39.342723456822355,0.3583202786599113,True
6651991_163562,19.449937917638707,0.18178703119236894,False
6652403_172557,17.477927852008083,0.19184956995661567,False
6652456_174820,28.402426269598873,0.16589915772868347,True
6652511_179404,9.247497877804566,0.162448334603542,False
6662732_12771,21.514157292350546,0.20776683845394725,False
6663427_27095,18.263361163816477,0.18371771954788363,False
6662384_38553,29.460192548590037,0.18180336737048133,False
6662480_41106,19.935115249227934,0.19260792366788163,False
6662495_41509,13.345037916768911,0.17511038674455323,False
6662675_46084,28.83231903610946,0.2139037602794309,False
6663191_58363,20.945250177546225,0.21963914085318917,False
6664210_80130,6.015608780497615,0.14948132351323448,False
6662660_93484,11.550487478890235,0.17201045652227812,False
6662681_93572,18.201471836090615,0.20575858183403606,False
6662916_98440,10.585942045939982,0.14890299593044237,False
6663592_106106,19.432017213866395,0.18168207874269499,False
6662516_125567,19.086877298290574,0.21003082501644332,False
6662584_126256,8.964813104577248,0.15899869847147424,False
6662648_127311,41.575178989392214,0.3344948301074537,False
6663199_136034,43.71959200404323,0.2579652662849996,False
6662251_144716,17.390604647337593,0.19428604720138745,False
6662994_151885,10.773588492234147,0.15591826310809162,False
6663248_155672,13.437962047870208,0.18135298268873254,False
6663472_160061,17.63111309588819,0.14853942688484406,False
6663571_161951,29.22231982577701,0.15474001414940378,False
6663578_161998,28.25678884799191,0.14765409966096607,False
6664050_176733,39.62061903857637,0.22421981910184988,False
6662321_180501,11.271454387078892,0.1581524224228172,False
6663716_197437,17.636397733097315,0.15348158014983188,False
6663880_200355,39.38781928464687,0.2610901466791557,False
6664012_203630,15.315677262204245,0.18901262197061228,False
6664131_206238,25.38206762657448,0.2128445201874103,True
6663520_232532,48.452376701251715,0.24191020655876405,True
6663759_239225,22.917456097918027,0.21297895105156509,False
6663830_242036,22.14702855915439,0.21230341929898366,False
6665012_10904,21.504883468644977,0.15674522019593293,False
6665412_41576,23.018841347904548,0.17180620283626857,False
6665675_45351,23.36202082440644,0.2402466849719961,False
6665219_61441,20.954261070245355,0.20568861855701756,False
6665490_63970,9.711596418715104,0.1590264994119185,True
6666052_73134,16.383774961833428,0.19049445008840862,False
6664694_100770,10.957604939036631,0.15084489011725388,False
6664864_127908,21.22766188255315,0.22362114970583846,False
6666122_146199,10.597097008143317,0.16845587283538496,True
6665207_163518,9.402299133722561,0.16351488933816932,True
6665326_167610,17.560370155551958,0.14070984391620195,False
6665809_181374,10.895511094023998,0.15693126781983963,False
6666336_196355,9.755775827682797,0.1662395323741607,True
6665209_242975,20.013304574707295,0.1564909957299011,False
6665475_248245,12.04882637438186,0.17292894311872067,False
6665492_248285,11.401750128817941,0.1715829286094459,False
6665693_251032,12.354554180544111,0.1561398339661164,False
6665827_253034,10.055730555260519,0.14725649707786356,False
6665926_254803,7.727627902532571,0.1579573280429858,False
6666210_259681,20.67772436705741,0.22083464502939482,False
6666292_261232,27.76837742829062,0.2704771191329689,False
6666316_262466,8.484139614598522,0.16072532613516757,False
6667022_10440,13.727737249816522,0.18137447961991632,False
6667162_13944,7.482811370066735,0.15704156848129125,False
6667926_25641,20.39258934024809,0.1768080775933575,False
6666971_35258,28.991416195143003,0.13433489791899114,False
6667593_48803,25.52374051740849,0.25290436377656095,False
6666604_57444,20.80331437535856,0.20278224343028856,False
6666822_64425,12.274148646647554,0.169188899797032,False
6666858_66028,32.37529097938735,0.2994917182773474,False
6667096_72927,34.73870651017392,0.14016275532883055,False
6667234_78019,6.450995659586202,0.15456291750531642,True
6667352_83023,34.397655516037716,0.09769907745704272,False
6667528_87678,21.609852498339734,0.22683964063278464,False
6667362_97396,13.845819946828717,0.16804708310494287,False
6667654_108279,44.0674739235187,0.25339177887903447,False
6667742_112721,26.11138456688959,0.24861017305905936,False
6666817_122797,16.823594919041525,0.19713880242207746,False
6667427_136575,10.39432470148975,0.16780774730605896,False
6667239_156803,22.627339304478554,0.23355971136632245,False
6667904_171380,19.4657463252761,0.1960499294467941,False
6667914_171945,32.89782462412978,0.2106060227460319,False
6668024_180806,48.12212706229848,0.6583965798004678,False
6668055_183208,42.897748950265445,0.34966436121374617,False
6668396_9029,17.988224398200064,0.1988400554464613,False
6668819_22158,9.19597765330038,0.16385135308363827,False
6668184_32576,25.233738625102706,0.22992251352385218,True
6668287_39321,23.29423501641554,0.16323204506665134,False
6668387_41773,37.1099304499483,0.18478184037895576,False
6669040_54380,35.80620071998703,0.20960195153953312,False
6668722_72819,12.60531986900769,0.17626068082257304,False
6668210_96735,16.753993016591593,0.1670988043296564,False
6668239_97832,8.185798250628952,0.14876379567550688,False
6668663_104663,4.9645206213691955,0.14982267697911175,False
6668740_109053,32.49197174687926,0.292889525174442,True
6668794_111355,23.256470282482677,0.22231057110837185,False
6669259_120087,17.15557576999385,0.16955156098045215,False
6668150_121071,22.103121702601197,0.15821665274802896,False
6668266_122804,27.211026533374298,0.1840625339540147,False
6668889_137689,10.719155983565127,0.1692069450811404,False
6669009_139747,18.386840729173677,0.16812733918088793,False
6669158_140725,13.704172101954939,0.16520337473703064,False
6669287_147576,9.39077866845982,0.14657703949704795,False
6668212_150286,9.035306801653165,0.15865505945262112,False
6668257_151684,7.446888007751964,0.15751993748491913,True
6668502_163229,33.52452989976146,0.3348035639614339,False
6668763_171173,28.03739012461752,0.229030491730319,False
6669334_192913,13.515531806037082,0.16529172579800258,False
6712337_31294,10.916286227467653,0.14946123291179061,False
6713610_46960,28.30018095348509,0.1922289401297548,False
6712229_57707,19.498283257764005,0.16962083283470264,False
6712292_58813,45.77012468849085,0.7863528893391599,False
6712356_62903,16.22564750634008,0.1947492257508144,True
6713102_71870,21.989788220899264,0.22885484464545308,True
6713298_76157,24.131224627026285,0.18009606717703888,False
6713326_78087,5.292784711283843,0.15057110040222596,False
6713535_83318,25.423776745401145,0.21111040497657693,False
6713550_83483,6.7080039505056925,0.13376331417314213,False
6712679_99864,29.996472875989937,0.24702860233068882,False
6713838_115432,12.977422278711591,0.17350403447390542,False
6713870_116331,25.649037486814198,0.1976070815597822,False
6712316_123882,11.496285356583668,0.17119453793376224,False
6712995_136456,46.53037112467512,0.12289620937476978,True
6713096_142669,31.47697674491628,0.26551595392607336,False
6713336_147480,37.27455015154442,0.15428988992400886,False
6712444_152429,28.9477966346318,0.1856470011188338,False
6712991_160613,14.273456238767121,0.18458892615540912,False
6713544_171728,36.37611339876761,0.40011023229653875,False
6713836_179744,18.03155669929804,0.15727131350220067,False
6713924_183406,38.69418829746917,0.40675266793800596,False
6719407_13103,11.888847252782751,0.16356085780576746,False
6719426_13169,12.465254911152039,0.15460795375477893,False
6719437_13246,8.765278090283275,0.14803687322266115,True
6719951_22183,25.893106901258488,0.22880117371363531,False
6718969_33676,17.688706934086504,0.14444364007263039,False
6719007_34609,17.812724047713758,0.17897089452327247,False
6720049_50619,26.38651670834936,0.14874283023366391,False
6718799_59129,23.375182908375283,0.23935769949648228,False
6718974_63098,23.904076723437782,0.24475099151693763,False
6719075_66221,20.16713338578391,0.2133028225844045,False
6719164_68114,12.036670511399738,0.15974970810373834,False
6719174_68231,12.416974269120477,0.1724700134133754,False
6719538_75992,11.398538590538704,0.16881489825165916,False
6719841_83775,11.972356367900183,0.17301280390156562,False
6719868_83951,21.208597360504537,0.22387326334533933,False
6718991_96154,25.69028861262559,0.18075078443713902,False
6719324_106471,15.308186894599897,0.1825674785977648,False
6719375_107308,34.913137727795245,0.3610153071127617,False
6719756_118826,26.449979432884252,0.22374682745397861,False
6719389_134955,14.008661499229685,0.13921406732124492,False
6719543_139344,19.55608900061564,0.1426919669681264,False
6719809_143966,26.56646852707375,0.2521554437917528,False
6719147_153461,13.458276598435626,0.17106725185274613,False
6719156_153506,5.350924032351798,0.1403472784014674,True
6719711_165755,18.367704701459022,0.1854688039907632,False
6719942_172430,15.979260558611589,0.1619688448367818,False
6720103_178450,32.39538121399408,0.2809608679772851,False
6720109_178597,17.16799665074525,0.1683154663368467,False
6720128_179206,22.65950612877518,0.18845445581823295,False
6720142_180045,10.692613244665687,0.15863584663729433,False
6720145_180057,4.286673418864565,0.14724813305394427,False
6730425_16966,7.752374926433836,0.15901383870827596,True
6730494_20240,5.549288693156988,0.1516385613371003,True
6730564_22567,13.729427810364129,0.17603624461214556,False
6731074_30359,26.667549193729823,0.24148767969896948,False
6729928_36536,12.824969551620779,0.17882918254295965,False
6729945_36764,10.197270468120381,0.1642345155028343,False
6730549_47436,19.561512543768185,0.1677575656354278,False
6730752_51778,17.1088418076736,0.1673855786829075,False
6730516_70647,10.691422028897748,0.13715105430317165,False
6730988_76712,29.40595397194248,0.17092093211843495,False
6731232_80348,14.691686390608805,0.17101671667001822,True
6731479_89122,26.647220511715663,0.2580226822926197,False
6730198_94066,15.51284815886496,0.17743745147930448,False
6731382_107863,12.912776386199836,0.16043320759126664,False
6731384_107939,12.106355107958795,0.17324518069357325,False
6730222_127491,11.790990204389113,0.1685001276838277,False
6730622_137296,42.16182924162565,0.5911459450135398,False
6730970_144818,12.589484262669384,0.17779055462288948,False
6731058_166247,22.00001681817539,0.2274967605497955,False
6731281_172173,11.269107684284505,0.1717242787579243,False
6731298_172653,28.57280560253053,0.22095115725047615,False
6731528_182460,13.098892510437665,0.17553311309288033,False
6737984_9111,43.54857595834794,0.5807692845759233,False
6738275_13000,27.018636716163158,0.2504578551177555,False
6738709_18267,17.45179073906171,0.19695021485958414,False
6737843_33832,48.73017074667398,0.30490264137754064,False
6738043_38847,9.063329686158394,0.14557947723222067,False
6738323_44867,25.7009258393545,0.22578368687276243,True
6738752_52962,17.703361968846483,0.1385841028387359,False
6737926_61379,25.376493768840483,0.20261932577935812,False
6738550_68200,46.226897029759634,0.7813883892971443,True
6738356_107107,39.363830352240875,0.3159732934331882,False
6739261_124232,16.10688812278772,0.16035734681919672,False
6739893_126941,19.59653954145987,0.20320059606562585,False
6738774_140228,7.965955372709542,0.15275202741560748,False
6739097_145446,19.571409044828634,0.19279845307463728,False
6739164_147906,20.597084866553327,0.217031691693816,False
6738270_162107,11.16724943752937,0.17131962546071136,True
6738451_164933,17.17311852867731,0.18491472565883482,True
6738632_169270,25.617588977107115,0.25832884420857904,False
6739411_186478,23.6069638030815,0.23291733400952025,False
6739438_187903,14.771902517956175,0.1691698076730131,False
6739670_193051,17.682593277005502,0.18018974752113745,False
6738387_201292,25.24961276930797,0.20441634469807518,False
6739757_215349,12.933698697588405,0.17928596074392367,False
6739957_221901,24.948307617952764,0.1818364141774632,False
6740010_223550,5.597439593242607,0.1518641921425398,False
6740011_223618,23.687333429493492,0.18602731089161234,False
6740079_225739,49.86423353466891,0.5690394386370947,False
6738143_234076,21.29330206896056,0.14044750293518912,False
6738294_235913,16.257758916898723,0.15410245977754963,False
6738309_235943,4.829296014948763,0.14020269604943575,True
6739355_249759,17.658643690838776,0.1861384876994105,False
6739370_252342,14.377711153031282,0.1833551236475861,True
6739696_261320,14.562409141347453,0.18249614316550922,False
6739715_262508,41.34204950168775,0.22230213059981577,False
6739744_262971,24.404709484031972,0.13988564856050403,False
6497577_5578,23.007580163937273,0.19958847676715383,False
6497997_11287,12.016773485424444,0.1715935228102953,False
6498511_20063,20.81365323531648,0.1955588250476825,False
6498707_27438,18.661744961283766,0.1851197809892551,False
6497505_33534,18.198956014013547,0.20054925406150434,False
6497602_38143,29.191059607352386,0.1674228683226704,False
6497888_48551,20.868918515342383,0.18805839641403943,False
6498013_52129,14.941176191987028,0.18604703129941433,False
6498117_55182,19.300990259569584,0.17453534582901087,False
6498135_55646,25.610000956657537,0.1346092269862218,False
6497563_63299,32.2500334883547,0.1708356793989308,False
6498161_74880,28.054220662852142,0.26252583230371856,False
6498064_104856,18.67353573911486,0.16575323775113865,False
6498163_107203,26.766043898940314,0.14763791442894778,False
6498390_114240,12.70037889198586,0.14185199047275665,False
6498460_116520,27.649111269623116,0.25639181181800474,False
6497944_126442,20.459051199896834,0.19349492391230527,False
6497991_127527,39.02674964687682,0.26547548388365527,False
6498489_140635,37.12488114459089,0.3835991705562135,False
6498629_145006,16.002200911124692,0.1880967752455987,False
6498283_156535,36.458500092571,0.39252324566661917,False
6498461_160911,19.52801538815453,0.21196664101318646,True
6498551_164534,27.508540710114012,0.21865807712339014,False
6498748_173792,42.625875709479566,0.5142530797782153,False
6498784_177225,13.36989173478978,0.17440014797316541,False
6498835_186847,35.50019133751253,0.3417685242452059,False
6498837_186913,37.50800747840386,0.4348720616218895,True
6496460_18453,23.449833176378885,0.24003414904355272,False
6497300_57799,18.388615091952957,0.13460136858529148,False
6495966_62542,6.118827665492792,0.15155282963552527,False
6496219_66824,8.089205276168979,0.16004882265798206,True
6496889_82311,13.98134546458244,0.18355596128504037,True
6496068_86845,7.74762157052085,0.1537111969977347,True
6496840_104414,14.928009411840547,0.15860864842148906,False
6496349_123356,26.55869019737231,0.24364753044010168,False
6497058_139075,19.646114552246708,0.15316197266104184,False
6495940_141487,35.23594365133422,0.3680249513531144,False
6496047_143581,16.618052743928814,0.17762929368768535,True
6496439_149198,11.04356034075968,0.16444383258516482,True
6496705_157282,16.770071586012982,0.191599579661699,False
6496720_157334,20.0978037854886,0.21725528490772872,False
6496834_160529,12.674210231805375,0.144983654547461,True
6495926_170372,39.85791173656743,0.16832878847609142,False
6496641_182505,14.106019176224029,0.14442409161835915,False
6497121_193175,6.970660944272069,0.15588687282414007,True
6497389_208769,22.186504907262886,0.22305784235500525,False
6497408_217436,14.189730406177562,0.18492158618798044,True
6476237_8029,11.713051395772155,0.13899040676022387,False
6476239_8061,3.413024758187373,0.14486821992176396,True
6477176_28984,12.29738659228049,0.16724565012875034,False
6475898_31698,11.009539590736754,0.16930700137828028,True
6476067_37625,3.1230462692697953,0.14404015969017064,False
6476914_53824,21.842937737401535,0.202164637825498,False
6475933_58532,9.214958382977104,0.1641073980426909,True
6476001_61991,16.539760971670663,0.19042085059856656,False
6477067_92909,25.533796525389636,0.2547944909013318,False
6476643_107651,33.291984771112695,0.13164042028983733,False
6476972_113641,31.294315793766767,0.25429491527596665,False
6475941_125532,14.314276090672557,0.17886594687434557,False
6476961_149294,42.915398751497115,0.4421730601571039,False
6476198_156467,12.900200967426825,0.16845149030761097,False
6476821_168832,28.70769795716821,0.27956531906206633,False
6477232_184969,8.288330350559152,0.15859911948838157,False
6499566_19469,6.898794169998115,0.14690236864018885,False
6499858_27972,19.689694385642454,0.1965279277192954,False
6500265_54463,29.922627307774963,0.16476664524782686,False
6499066_66540,12.145592863257027,0.1758820970025885,True
6499573_83220,5.154071788401863,0.15046786912558557,False
6498904_119515,24.184606116288105,0.23152468221791828,False
6499242_126423,9.476608042965584,0.16520438278867966,False
6499255_127627,4.576965807169637,0.14860095568688694,False
6499960_146018,14.043893833264336,0.16178173356110237,False
6499135_149181,10.188130054136531,0.16781906267055974,False
6499444_158170,10.951056980949371,0.16862165090202075,True
6499917_170829,16.652490654553752,0.1326369890136779,False
6500013_175539,12.704283765722494,0.1606797798399967,False
6501099_5885,24.14667871571575,0.12529002967452568,False
6501653_15846,17.50354172731907,0.1667753115940642,False
6501671_19689,19.14229348850341,0.18677714396461437,True
6501297_35044,21.001206917698802,0.18725805486926922,False
6501541_39023,16.06122040817571,0.18260303964206634,False
6501696_42190,49.65627296726971,0.07173346816312265,True
6502270_51480,13.550721346112907,0.17324473848563163,True
6501587_64564,12.451090112917827,0.17297587657288313,True
6502339_78386,8.378794185322848,0.15500670236015773,False
6501509_78452,14.686176493560192,0.18735286965407918,False
6501449_101599,15.402972083335086,0.17132386559742768,True
6502110_110472,18.68493898839383,0.14603235781453747,False
6502181_110717,21.231234184568734,0.188195583721058,True
6501094_128792,8.022914246082905,0.15920847777898212,False
6501100_128803,4.450788806492622,0.1475796988400952,False
6501619_139229,6.784986366972299,0.15202897074799038,False
6501824_145192,36.73419204229215,0.3158583680487229,False
6502013_148290,46.44939924261669,0.09927037545122576,False
6500899_151324,10.240267623455944,0.1617357499287678,False
6501095_159700,22.861108393951504,0.13995959829492002,False
6501366_166080,17.78844670003539,0.14675745481950211,False
6501827_178755,9.408315736623637,0.16487136635282137,False
6501895_179253,11.649416508993058,0.14559321374455528,False
6502366_195802,15.781399842852975,0.16985366730991286,False
6502964_6670,26.972954788083563,0.18722816672928239,False
6503419_10512,15.229627868073466,0.12876348134528198,False
6504492_22379,24.566602532706877,0.22549318893049736,False
6504496_24212,10.4241887933786,0.14810860450461882,False
6503370_39278,11.62565770182487,0.17354396384206577,False
6504606_42726,8.026515869292233,0.15117991915013768,False
6503552_42830,20.338955061654467,0.21030360429689518,False
6503595_43622,24.8392525048561,0.17417370253884423,True
6502959_62283,29.023380643887783,0.2002224214009237,False
6503464_71710,11.707016571270412,0.1581269555569194,False
6503436_71760,19.56862736627176,0.13441815412781752,False
6503780_78528,8.459737643686118,0.14941321306731023,False
6503813_79950,18.59936558057828,0.2009719525282796,False
6502925_94934,10.112924107299527,0.16088647158019886,False
6503532_104283,26.226594613102176,0.2026156512318313,False
6503667_106177,18.816089391794463,0.2044673202359795,False
6503677_106228,20.428076757247613,0.20497993223149055,False
6503903_111009,8.730164946895334,0.16232468563687696,False
6503911_111037,11.985592559402313,0.17434618144455535,True
6504074_114325,7.648231494927439,0.14915932724022332,False
6503638_135720,35.40073701210188,0.2859072670200434,False
6503660_137172,6.165442157704508,0.1526795844441429,False
6502899_148320,16.141185984926878,0.19248641727870186,False
6504397_177515,24.39184644507258,0.24091034155464544,False
6504422_179190,12.921638789255793,0.16732330271985185,False
6504453_185814,22.372326119561194,0.16500402861123947,False
6505079_9786,7.383804574878725,0.15491658468705624,False
6505234_13829,9.404916001751422,0.16465890933168992,False
6505590_22760,5.747589146764057,0.15184677069290375,False
6505982_47832,8.463883269516419,0.15627222671008772,False
6505996_80647,9.14492323641921,0.1630442428234039,False
6506026_81309,20.442493414454116,0.15555043967468266,False
6506042_82356,7.903671109047996,0.14918859620261277,False
6506085_84411,30.01480642949409,0.15437837864062062,False
6505313_102774,27.968720707247233,0.23692500363073557,False
6505688_112899,10.680951736619726,0.1689620106760725,False
6505698_112953,13.13534422845477,0.1382278734301811,False
6505713_112993,9.318763490935908,0.14085785213788232,False
6505886_116200,12.577454790218885,0.17269368375318833,False
6505122_123701,28.20275890759626,0.24661576103449326,False
6505454_128228,18.91430834051301,0.16197210048905408,False
6505798_139303,18.585510162489488,0.20478743739569638,False
6505479_153151,25.589768658586973,0.24285665360310177,False
6505592_155990,6.032510754238238,0.15053172074715154,False
6506201_178504,40.83702090015873,0.14419674185746076,False
6506234_181293,27.468199303922347,0.2151900336051837,False
6506239_182141,30.36925530861763,0.11275981789723259,False
6506723_5745,23.554512179198277,0.1965612107232388,False
6507100_7324,33.48140846798414,0.3370965084673042,False
6507795_18098,14.356235857633434,0.1793510847268783,True
6507872_25346,9.315269292940487,0.16441309617738847,False
6507092_40878,26.16957494878356,0.24371405903762602,False
6507527_48916,13.260875536705711,0.1366566403459311,False
6507568_49784,13.573131584126045,0.17422513356473515,True
6507693_55085,6.683266042886519,0.15496429817528534,False
6506643_59259,9.087962697986825,0.16309631079849943,True
6506951_67818,14.442604924320266,0.16565651012443128,False
6506962_67850,13.742162748272193,0.18266870891455592,False
6507195_73953,12.74725201759187,0.1776917335797633,False
6507399_78321,22.367761443649204,0.21756373433639398,False
6507559_83232,6.945817518478294,0.1557577025195235,False
6507643_85734,18.18813066260521,0.2005199027306195,False
6506762_105087,21.090706673793555,0.21521744246502802,False
6506815_105584,8.560999299147266,0.14988659284137684,False
6506567_124875,12.674372923344176,0.17024613185396228,False
6506668_128112,12.623122909961701,0.16967664154113365,False
6506708_129055,16.206181073898932,0.1869870070173036,False
6506854_131457,17.726365504524612,0.16894759451072858,False
6507134_136222,20.973365633583942,0.19434859008516414,False
6507201_137200,5.532014551680066,0.14693424191227597,True
6507524_144009,6.580983817029181,0.14890096883955378,True
6508034_176734,6.815238367071247,0.15314532077803591,False
6508066_179232,11.237483748597814,0.16339191611728354,False
6518007_15853,21.14894723148176,0.21963405891627266,False
6518443_26306,16.842651721151277,0.1849469472179885,False
6517460_32458,34.271961163610115,0.36890878842926983,False
6517818_35872,22.08781258975184,0.1933332416039333,False
6517937_39458,22.744083472411013,0.22715483270061868,False
6518838_47174,16.383557153438936,0.16374222858428755,False
6518822_84523,24.019588048091084,0.1714194309832969,False
6518902_87426,13.559913421552512,0.18076682196126376,False
6518905_87469,26.961228199026838,0.27001825294380527,False
6517890_102416,23.94000386382592,0.23825517337927107,False
6517897_102495,10.08286080435508,0.14837930433651855,False
6518017_105058,6.448939137563638,0.15440783732733435,False
6517563_126973,29.498212708569312,0.29723417057028373,False
6517647_155656,22.292738279538472,0.21779912466533247,False
6519968_16712,6.111329806187846,0.15303290032634595,True
6520521_27485,20.21887269359991,0.21464068513019705,False
6519272_32302,9.847570309472282,0.149929371016681,False
6519521_39211,16.256676966711247,0.19422545501191474,False
6519534_39275,15.31019751668802,0.1733448487781099,False
6520021_42661,9.722201499660455,0.15556021201531167,False
6519923_50123,21.532002647222573,0.2117627327413781,False
6520081_53021,23.665736667173494,0.2292374031455084,False
6520161_55078,14.368755130490605,0.18562484230849086,False
6519332_62160,11.18959123471452,0.1713643006016188,True
6519760_71042,24.96585998919324,0.21069017396405182,False
6520270_76609,24.743670645237742,0.2483457893136721,False
6520330_77423,16.47324573361303,0.19213233610159264,False
6520638_83538,20.082546850437076,0.1953834866515527,False
6520805_90860,9.190299342241255,0.16164815429316523,False
6520810_90928,11.237925075386471,0.15274762442827605,False
6520813_90943,3.0235755323788425,0.1403440619226497,True
6520848_94322,10.133240843876155,0.16511529485784707,False
6519622_100068,19.547230315315776,0.13347139776004843,False
6520154_105648,17.00329818005907,0.1730478314799943,False
6520260_107596,20.889615123309472,0.20008736814232514,False
6520725_118996,10.579501406020986,0.14074475184955668,False
6520849_122817,15.578170945268253,0.18812153407806612,False
6519337_124738,18.10646210611007,0.17721935370985886,False
6519909_134088,16.882308047183596,0.1765465316131611,False
6519961_135063,11.685901334514169,0.14032368956650543,False
6520059_138320,11.563835004011427,0.1415814375561514,False
6520272_141773,51.248609395768,0.1127658671920236,False
6520289_141933,22.24854822229981,0.14065705338774295,False
6520308_142261,7.672452345893068,0.1485617796141094,False
6520312_142320,8.844249713797096,0.131049408603236,False
6520465_146959,10.37773250763383,0.16756686087684572,False
6520475_147001,10.42748004073851,0.14450265912563712,False
6520650_150758,7.143420259231566,0.1535523995506839,True
6519882_159756,18.409850216663905,0.20181111774275443,False
6520185_165029,10.62022758701526,0.13252889127643921,True
6520699_176827,31.86024733111782,0.10246587224733919,False
6520902_185049,31.50574330181721,0.31859639344842655,False
6520913_186619,27.90892344752839,0.26513056394682977,False
6520942_191237,11.748458494628139,0.15101491881901946,False
6522438_9305,25.040097284156065,0.1812799119854636,False
6521481_16015,15.706158187157039,0.18634728291207497,False
6521724_20894,7.068021646825932,0.1561117591170266,True
6521607_38277,13.068479062232145,0.1772637455245933,True
6520970_55566,10.358734478689955,0.16671610471115103,True
6522154_77477,27.757771416307904,0.26801928013871373,False
6522619_89937,12.173497812872029,0.1663924600884097,False
6521357_98029,19.21584775647434,0.19491527428609065,False
6521934_108947,32.1942693658359,0.11513250906839498,True
6521396_122477,28.578036619054153,0.23832330374563263,False
6521627_125150,16.684690497578913,0.13416801821911367,False
6522375_136570,13.088147691709473,0.158973541751713,False
6522701_145427,14.801351188320615,0.1786232484919923,True
6521618_157571,13.812744296482142,0.1389018683239382,False
6522228_167038,16.74200361366584,0.16741969936364842,False
6522476_172770,1.856306278608139,0.1405628370524306,True
6522628_177740,14.744957544869365,0.18758836333540313,True
6522728_183639,14.76426418755774,0.1865622678922379,False
6522886_5012,26.905631622394594,0.26544376656427127,False
6522979_6521,13.888246577592149,0.14514599966884761,False
6523318_14818,8.944344637814444,0.1545808433849776,False
6523350_16363,12.232854491082609,0.17602522139592638,False
6523406_21467,10.821022363898894,0.16759674905904634,False
6523419_21525,9.731370150189539,0.16380765579109374,False
6523572_25503,20.405034697348594,0.13910588652341885,False
6523648_26612,13.100287172424887,0.15626395242641136,False
6523668_26764,12.779170904248833,0.15013037732962395,False
6522838_31353,18.760019722804135,0.1440139345489876,False
6523441_44053,12.45887366498272,0.14425070749778868,False
6523814_50506,20.345930895390364,0.1947372677197543,False
6524062_56130,18.93360676152328,0.13221625202814113,False
6522820_58739,14.601380927843781,0.1869084791699392,False
6522949_60973,8.699234449076537,0.16041270494994822,False
6522985_61975,13.231266757192977,0.14141692346388893,False
6523913_81778,18.584334316837936,0.2079210988292053,True
6524070_87788,7.66291413236505,0.15177398176034856,False
6524149_91330,18.09144996952981,0.20263819682664005,False
6523217_101012,9.518861749179889,0.16505055774554678,False
6523444_104293,23.814603187960117,0.16820011798066384,False
6522974_126871,20.018837953287896,0.21614578070379592,False
6523213_133657,21.637998659765188,0.15241990037607592,False
6523254_134835,14.515318322379295,0.17609724900296253,False
6523277_135853,6.450691513318554,0.14379051034798668,False
6523250_153057,15.911541251556994,0.1931075178582668,False
6523639_157874,11.34335774803916,0.1613770256017462,False
6524073_167036,18.51201115492317,0.2050585860024276,False
6524121_168034,21.97203285997907,0.22309469871498738,False
6524145_168991,8.559090897986772,0.16148597432392273,False
6524241_176855,26.302059082893113,0.2028998170883426,False
6524246_178305,19.8442084750186,0.15451250715483197,False
6526563_20264,42.711465111840866,0.31107645391811173,False
6526571_20333,12.789711060066992,0.17124836722840572,False
6526674_23335,30.052146895022325,0.27630053502716506,False
6526748_27903,13.742515235574599,0.17747957151827184,False
6526417_49209,27.250203668963653,0.13434253351008651,False
6526623_55359,15.454161640153762,0.13881350040818413,False
6526204_74360,6.722978878443692,0.15517235980846228,False
6526272_76401,18.437191651658885,0.14923520508306778,False
6526598_84256,8.31749890291547,0.15768760147625452,False
6526609_85414,5.326077731314108,0.15101082735130814,False
6525598_94596,7.345343150595483,0.15760115625314175,True
6526857_98329,28.377747690752344,0.28400059592023286,False
6526356_110731,8.11761424311355,0.12903729528803265,False
6525764_126769,17.689661161254616,0.14087716409255208,False
6525788_127473,10.470519089328858,0.1633698055316674,False
6526752_167399,52.172189037838926,0.027683481466067375,False
6526894_179694,12.16668751139767,0.15643250644495524,False
6527792_28319,13.38795944122927,0.17051325767788755,False
6527264_39321,23.884269572251945,0.22082443926141124,False
6527549_44005,7.39155247563054,0.15596738439120908,False
6527329_65999,21.575208179760395,0.12660818024305348,False
6527873_75121,31.69607294287417,0.16582722359581875,False
6528217_82627,9.310380497058109,0.1586819976064026,False
6528333_86795,33.79366342970233,0.35139535295928265,False
6527456_102602,14.836246189653227,0.17817491767406632,False
6527596_106614,13.526522982644135,0.17596722991760405,False
6527902_132264,13.82491157295409,0.15965085455778047,False
6528263_143212,20.471630369855742,0.19713476026130364,False
6527149_147074,29.23087417440676,0.22763388991824676,False
6527597_154044,20.30331253761317,0.20584844326759258,False
6528044_165213,8.741753828608998,0.1619617573190425,False
6528206_168873,23.743954262085328,0.19015034317325757,False
6528233_170552,24.19013021874831,0.24329519766962274,False
6528354_176300,24.399259333020748,0.23010476898946947,False
6528788_10402,11.453173926907773,0.1686585502955325,False
6528921_13302,19.02429890955249,0.16177056483207428,False
6529277_19923,11.234915308982082,0.17101025439262563,False
6529591_25285,2.4925218153508717,0.13813313015129453,False
6529639_52385,24.829352085787498,0.22011228480575828,False
6528791_66972,19.666405111255084,0.21023574430922756,False
6528861_70629,24.970911176807306,0.2247127310262432,False
6529167_77121,16.85649931035504,0.15821546820748697,False
6529518_103123,26.94101560817632,0.2589005878235608,False
6529719_105844,25.7233271953688,0.24848341007729555,False
6528681_123432,21.074857484690142,0.19434552488343626,True
6528804_127242,26.895761933806597,0.223451371674383,False
6529007_130060,27.253958978467693,0.1877538169950176,False
6529353_136579,27.16459528503968,0.27343829436800093,False
6529413_137562,3.7272243023461824,0.1461495669252872,True
6528729_146397,48.731105312726086,0.15686448952889329,True
6528916_150458,13.112629408322345,0.1589874821328617,True
6529243_155699,16.467122547670556,0.15993438015970085,False
6529791_166838,5.904494559231976,0.1499822558521861,True
6529805_171772,13.70260329280535,0.1773555095193404,False
6529857_178718,23.983514442216343,0.23401348458688548,False
6529902_183182,28.355895418766096,0.1518196256012804,False
6530529_41215,26.197737001504535,0.24680020011892326,False
6530630_42572,16.55648126867542,0.19655453454868343,False
6530456_66405,15.340823511141766,0.15846254459724185,False
6530611_70182,11.871541854367528,0.15504035853192982,False
6531031_78134,47.983992758002124,0.37743636742461306,False
6530010_89933,30.96140468389637,0.14459918785627934,False
6530219_97794,13.096810489581042,0.17919754085395298,False
6530236_98509,19.078842994269856,0.20731509810958768,False
6530244_98558,12.224908056913963,0.1743724643055125,False
6530383_103745,9.916911263089935,0.16509680948168556,False
6530563_106246,20.11355050705867,0.17824709297247637,False
6530827_114793,32.97432766562497,0.267329385990998,False
6530854_115132,18.48174434408181,0.1838436125652729,False
6530371_119347,22.212764123359346,0.18490999658149088,False
6530381_119379,39.678075469961996,0.3652769888448021,True
6530990_131248,11.826766802469727,0.1744686617665243,False
6531106_133523,3.965763104372222,0.13471320908458512,False
6531135_133653,23.90428825545743,0.18502403337734574,False
6531348_139060,49.924397412487615,0.14792414280535215,True
6530423_153372,14.164810270526036,0.1759702954123167,False
6530513_154584,27.596096553679473,0.27117533238744695,False
6530624_156377,35.74610324217173,0.3428751783180782,False
6530796_159672,25.487141012675394,0.13902591200545777,False
6530977_162819,23.90675187054904,0.23576521040749304,False
6531096_165880,27.593319282029118,0.23359503791775998,False
6531168_167305,24.753314141746756,0.22171132548678946,False
6531497_182488,27.93597696519669,0.21419013768100534,False
6534343_6802,15.279558697815851,0.1901392550210302,False
6535024_15052,22.261464147714992,0.2251425538733258,False
6535442_23594,8.934938444108052,0.1512454726394684,False
6535689_30002,5.338563477191218,0.1498331007310348,True
6534451_37599,22.798670772656905,0.23582596775047954,False
6534841_43773,10.843253847438971,0.16783290327580128,False
6535494_54940,28.276904091501958,0.28285970457184606,False
6535030_77138,17.010614950671243,0.1752500368632726,False
6535639_90954,14.035962738622526,0.18328740198536148,False
6535680_91349,31.77035544340038,0.22829113722902172,False
6534552_103571,12.450562597730274,0.14601083213497176,False
6534571_103862,21.916220499894592,0.1888176305786746,False
6534582_103915,8.266412160060733,0.16012128081410618,False
6534699_106010,4.373971307633373,0.14801214159951587,False
6534900_111654,15.428983148607042,0.18796831570742487,False
6534577_126367,14.572174889150899,0.17279355736103005,False
6535116_137427,26.919332328272926,0.23134177513360174,False
6535666_140859,17.56187803169126,0.20020672713963011,False
6535298_142202,20.082047629661673,0.17768753176793425,False
6535443_145445,33.81075006562262,0.18700626549818766,False
6534799_160921,38.50465012177101,0.3070125320802881,False
6534824_161056,21.931769924016624,0.1707870593349138,False
6534833_161148,18.757194033223627,0.20172093094588933,False
6535187_169993,18.7694867537714,0.20906808965384402,False
6535109_170139,31.54297622292481,0.3114877122254934,False
6535691_183429,28.24074152709167,0.23271970552336071,False
6535707_184039,22.095715896978763,0.1710264532876071,False
6535732_184912,23.496469117720643,0.19669280567924327,False
6535778_187647,29.85160962159327,0.24434693293135346,False
6535793_188031,30.612955329402613,0.3113280520685064,True
6535856_192840,14.312129156767693,0.171356233534116,True
6536495_12757,18.256282562449563,0.12513677795234496,False
6536948_20530,23.288783501935,0.2359358163737796,False
6537304_32105,28.40314038975268,0.22945867887998533,False
6536277_34723,7.1349621582738605,0.1485444981269739,False
6536961_48525,25.10788770486279,0.17759515536007192,False
6537110_51613,21.496826393679605,0.1890793763629439,False
6537354_56180,24.01370260913548,0.15330323434673152,False
6537113_78396,13.573206142986262,0.17037148581615222,True
6536289_105489,16.31900468778657,0.1359532711480527,True
6536402_110724,13.077351299097227,0.17967881798328855,False
6536587_118283,8.319563690482816,0.16102098028376322,False
6536688_121326,13.767283101614494,0.158996178753959,False
6536790_124236,17.949554312015664,0.1606521905856942,False
6536176_128434,17.585064714126016,0.20063907869217654,False
6536383_131289,37.444797355573975,0.4165638655387316,False
6536453_132851,17.221779728007206,0.13510763952923782,False
6537168_138775,5.57981836621946,0.15072902463470944,False
6537348_143164,23.598066467403637,0.1618905041817483,False
6536407_159081,26.141056768998457,0.14267111744205724,True
6536617_164885,10.81341130263711,0.16520854630629409,False
6536858_168864,11.907529760617857,0.16041023132762164,True
6537093_177822,15.91657629642757,0.1904897803048395,False
6537514_188079,20.419656804167893,0.20955507696264133,False
6538171_11328,19.363129085971618,0.2044142403397333,True
6538637_21405,17.298030205777767,0.17742638880535805,False
6538516_44581,23.458314282999957,0.23766519331967703,False
6537794_59586,22.65838001711508,0.19353625998072263,False
6538828_86427,21.013645590425284,0.20371148637391487,False
6538852_88212,21.838228522478648,0.1514982589974001,False
6538858_88225,7.935110648251858,0.14996886436410284,True
6538448_99964,16.769466777450024,0.17912305406327017,False
6538457_99998,3.6390034350079996,0.14565453521341876,True
6539149_118034,13.758979213589939,0.14555791288923722,False
6539151_118106,18.02920267233135,0.1523498583413793,False
6538010_126212,13.96825228867234,0.1839405840904472,False
6538197_129606,20.28946090954612,0.20907763320299508,False
6538749_142820,19.02473150927497,0.19444838701108386,False
6538796_143364,27.07620403601657,0.14126199626277158,False
6538112_156858,27.85539920733501,0.15038836100590436,False
6539062_177632,19.084979905674516,0.21091277257831714,False
6539941_18895,10.268820818380268,0.16364353705511528,False
6539993_20227,8.504619097878514,0.16148120159856794,False
6539984_20587,21.354000374637064,0.1919987534191392,False
6539361_31246,11.2862225744489,0.16246924480734135,False
6540210_47538,8.595248105784965,0.16175516619906266,False
6540414_52920,27.58620658952586,0.23974679939395024,False
6539443_60124,18.968550946237304,0.1766374855678903,False
6540094_75513,14.491455827486764,0.14471231987759167,False
6540176_78223,9.024626086437046,0.15693408445532836,False
6540370_81993,7.7688586677838325,0.15908673047216906,False
6540408_84080,48.11706485229539,0.977393231744676,False
6539421_93388,16.466648262472848,0.17503797239602523,False
6539430_93489,22.422464204453533,0.16314411550761426,False
6540233_110636,30.631377131954093,0.16318515031140912,False
6540584_117947,22.271325712673686,0.22405426505865036,False
6540067_162564,17.403920736431775,0.18396939958312947,False
6540390_169970,8.75620796920676,0.1588979220381641,False
6540444_173583,8.565551062249295,0.1577105882662421,False
6540996_16338,27.553215746986776,0.2485871768650793,False
6541059_42862,25.16315099505624,0.23323883506484874,False
6541163_47373,11.299600214166869,0.16527430328276843,True
6542100_53251,9.513916753892689,0.16395953444320435,False
6540796_67002,10.70170173383654,0.14602785634524207,False
6541180_73347,43.05784734517043,0.5668780600148658,False
6541466_78431,28.94847039136956,0.16145672920987328,False
6541677_83746,15.360406797998545,0.1901171620659844,False
6541729_84765,18.623500342309445,0.14051508179801395,False
6542168_88530,30.622185160435563,0.19277234336213678,False
6541936_91312,13.642396050547717,0.17203094918329478,False
6541683_110857,29.460567764386347,0.23622634968510942,False
6541892_118359,10.554394061242926,0.16719778377086997,False
6540633_125802,28.895767250585337,0.2338682407891751,False
6540980_134577,26.446175999565607,0.24011952048473145,False
6541118_137883,25.334005309070257,0.14337212796320964,False
6541639_145488,25.553513809259186,0.2523411833916666,False
6541675_146323,23.95383612284262,0.22067997492912297,False
6541735_148870,22.780717218735674,0.2120015773813139,False
6541788_150382,19.176770974280313,0.20851919648583153,False
6541482_166778,33.14589140451649,0.14138811142164076,False
6541716_172873,11.697743927783682,0.15034384118953265,False
6541780_175046,18.089151500277733,0.18896766065647777,False
6541971_182154,19.50329305527659,0.21038693991546298,False
6542769_16950,29.320285554543972,0.24936611455146845,False
6542804_18457,6.865636241456433,0.15041191081362773,False
6543334_26306,19.3163984479509,0.1419959325796647,False
6542974_50232,6.98834257889523,0.15450879871451065,False
6542668_74253,8.336426692534395,0.1506827579464752,True
6542907_86179,10.692864910771107,0.16845301148014952,False
6542912_86226,10.057724245573645,0.15738495548284356,False
6542352_107689,26.470257290022705,0.18279710848420297,False
6542597_114949,26.50192151524112,0.16666241561008718,False
6542632_115103,13.252206042768877,0.17572993053719455,False
6542956_120194,26.65214259679698,0.1970035333767296,False
6543037_121706,8.32983805364786,0.15690952499627878,False
6543048_121779,27.338599708105026,0.2760217873519592,False
6543444_130453,13.310167241623978,0.15378317231641656,False
6542194_131591,14.207487603373089,0.15406659274468287,False
6542400_135998,18.04791159663632,0.19466847796005673,False
6542665_140497,34.605952464857836,0.2650790807732558,False
6542872_145616,23.142305179043856,0.20077205835455478,False
6542955_146723,22.03411668299866,0.22952470930480642,False
6543196_153897,12.730468373158939,0.17792698818309097,False
6542674_163537,15.992436243424574,0.19275008031561303,False
6542920_169082,36.63349617494896,0.1661428481347293,False
6543151_170085,47.75089030583618,0.2118702496240691,True
6543378_178969,6.74642312636852,0.13301102754720723,False
6543548_184445,48.20956305547687,0.9439489912845567,False
6543644_195712,23.68969727539801,0.23797163847892627,False
6544351_12425,20.08642068662309,0.21730636393175345,False
6545047_25429,8.007489743983442,0.15963528700803725,False
6545215_29565,12.4223727604673,0.14258437042954647,False
6544180_39332,21.30303924326292,0.1335311984427685,False
6544923_56548,8.237266779703083,0.15032989851341502,False
6544064_61808,15.854874897015113,0.14355922892403244,False
6544084_61924,18.436092997161843,0.20613628195773298,False
6544105_62016,13.373961305462194,0.15428906365471193,False
6544194_63235,31.118294185253795,0.19335775389660975,False
6544349_66275,25.82090505772406,0.21818199661555815,False
6544485_68552,11.792514998930468,0.15993549357934186,False
6544858_73948,24.621206550451582,0.18063734764003705,False
6545173_83219,34.34294990241811,0.3008623486937757,False
6545337_88076,26.34820289886959,0.2662770096371386,False
6544707_108831,13.991490628235436,0.1799442340739136,False
6544804_110816,25.88527034821155,0.25411567132921237,False
6545106_116300,30.18614016398917,0.1796445459266848,False
6543817_118768,19.02053534998424,0.21025349661640858,True
6545213_131045,14.132979020716053,0.17811551475576007,False
6544776_131063,14.291117416073526,0.1822940751354033,True
6545245_140228,17.379154323499172,0.19835468799917022,False
6545306_141944,43.90142494270545,0.10292504795412614,False
6543988_149736,6.378221460564068,0.15400592865527712,False
6544042_151023,8.521283119343003,0.15498347368363713,False
6544079_152276,19.75226756602897,0.17165758071548465,False
6544204_154477,24.971895102294496,0.14592632591646573,False
6544513_161123,28.567201630541273,0.239240738288849,False
6544608_163272,16.540280529664546,0.17257774013838834,True
6544890_168930,46.364171900293876,0.1476331381787589,False
6545084_172523,52.2589915038551,0.024275100406863863,False
6545435_183876,32.723412795733886,0.3248748543788845,False
6546872_19600,25.35009838245209,0.2348496627461372,False
6546428_74902,20.794392152693472,0.2217518286651227,False
6546595_82624,25.491631960311995,0.257886205259579,False
6546922_91534,29.504208123588064,0.2379728323717795,False
6545951_98832,23.757755196987784,0.24365447112375868,False
6546201_105561,15.934733132374696,0.1767561888257806,False
6546159_128131,39.02764616268831,0.45323685165879063,True
6546545_139131,37.82263138651249,0.20404178219154376,False
6546769_169714,20.995655360097714,0.17891900149331957,True
6547401_7076,19.433334376786707,0.20768027064264286,False
6547492_9398,16.120676040414683,0.16730709232470878,False
6547508_64481,29.531897670146428,0.2726226046536805,False
6547530_64600,20.112203385009806,0.20310530322588108,False
6547834_70802,21.214052889535278,0.13064172903833793,False
6547258_88798,30.665949602123852,0.25770618962850217,False
6547267_88881,17.201853301316113,0.15948356208798756,False
6547433_91931,40.77837821689332,0.3861114915125396,False
6547447_92046,11.457934412449742,0.17273901550065657,False
6547614_96037,26.09410862627808,0.22697127181500185,False
6547622_96111,14.923775527660556,0.15176286925933624,False
6548248_108463,20.992413153327558,0.17232922878557239,False
6547337_119838,19.98501938953275,0.2166647675469081,False
6548162_135463,8.642354424576675,0.16183505625340233,False
6548192_135535,22.29141471508706,0.2004684517092385,False
6547770_151229,17.274492756662926,0.17126717421020712,True
6548430_165006,7.878530890971997,0.15915567249145887,False
6548448_165056,4.374212843472523,0.14774829917435478,False
6549561_14826,13.630962695275782,0.16739450514422904,False
6548709_34706,22.60296710611242,0.17629201942401776,False
6548727_35604,5.230848592723746,0.1506496397891527,False
6548926_39370,29.641732371776115,0.2231262707612182,False
6549102_42939,33.53312757557815,0.11102354783841044,False
6549761_55563,14.949582770097635,0.15373936843783295,False
6549376_67743,25.63934455090457,0.13841104878456215,False
6549442_68964,38.762405549707566,0.2990600204383548,False
6549864_76064,20.17005711444566,0.14156420576738613,False
6549127_103242,23.238210279623516,0.19474915031121542,False
6549257_105725,22.087435885588892,0.13144718176890055,False
6549277_107052,8.550498114145165,0.15494233919987022,False
6549633_114807,20.804980100927757,0.16554926571970427,False
6548911_123162,29.055294767047194,0.29455959044675545,False
6549286_130060,19.633057556071087,0.21219491286812314,False
6549385_132305,14.421197245721316,0.15605500532881927,False
6549524_136836,29.373522175592083,0.29431814197671186,False
6590309_144354,6.9706396406642614,0.15609714631071678,True
6549113_160640,5.886157320357652,0.14430366340409506,False
6549928_175614,27.176677298742757,0.2559645770184212,False
6549996_178943,31.322082465889782,0.22870464109013067,True
6550380_4850,9.319426591802738,0.1643424260745064,True
6551070_41532,10.258702647021211,0.16814840198602615,False
6551565_48938,44.88786332629344,0.0835460576384213,True
6550737_65511,13.226474095540352,0.1466637060467065,False
6550799_67355,11.568766788210404,0.15447061359276515,True
6551320_81090,17.64626340050494,0.2025196561273885,True
6551558_86292,20.230635432432667,0.2167907923264008,False
6550767_101050,21.480308773385918,0.1781837402545075,False
6551318_110627,11.41500823477583,0.16688858082886454,False
6551463_113412,27.254821316603785,0.2692716350270659,False
6551619_117270,21.897407631954977,0.1623834028293547,False
6550476_126468,25.76317938454025,0.13075250358057952,False
6551365_139152,13.522849995470628,0.15702110786193796,True
6551427_141809,8.29994277088704,0.1415101927493364,False
6550573_151137,26.54327334749804,0.2644006363900516,False
6550678_153957,10.977008700005662,0.1636654414732665,False
6550698_154041,19.92624312307767,0.18346544726035874,False
6550892_161236,14.992324202737883,0.18744291089644957,False
6551505_174698,2.5750893188392494,0.1423979232905283,False
6551723_179541,20.9565654628806,0.22133707260717198,False
6551739_179861,29.157627612684813,0.25096511292464685,False
6551795_182014,10.754841003008833,0.15569220608008388,True
6553070_14049,31.86331698050283,0.32740248569385455,False
6553453_20348,11.269650748803176,0.1329319062995075,False
6552748_40665,26.23230393998972,0.2199147196521829,False
6553025_45989,21.95165907169661,0.14268146978683213,False
6553132_49204,16.22969340437459,0.17514552995945287,False
6553657_55837,30.240364564601396,0.27346607639758674,False
6552491_61275,9.474682474890647,0.16308700062030518,False
6552700_65567,16.258751397324456,0.13947037451116584,False
6552907_72634,8.576667476357006,0.16195673492498686,True
6553190_109240,13.057001378570812,0.17750732376099843,False
6553410_113033,35.38410853759071,0.38767584979928604,False
6552246_119439,9.540601762991683,0.15879977921667077,True
6552329_122762,21.859502304489915,0.2266226632623118,False
6552413_124622,50.84218210305297,0.2940891513707368,False
6553789_138216,14.429968953535559,0.18477617488924705,False
6553245_139497,12.507304825580933,0.14639945518532946,False
6553283_139706,20.131334406839507,0.17521345980471265,False
6553821_140526,7.257028593026215,0.15517118227753882,False
6552719_153148,23.261150143533314,0.21069224629830538,False
6552903_156946,12.854033841561177,0.1439714245442805,True
6570429_13893,11.342700295784947,0.1659072428074458,False
6570833_21790,14.104075616643579,0.12779908100518736,False
6570887_22155,20.2749613316524,0.1648477241390599,False
6570050_31060,23.69703888674701,0.24304484427719553,False
6570190_33164,10.060279121376308,0.16743071236976342,False
6570424_37230,21.55711914890299,0.12545773319507686,False
6570465_38836,23.091900571412477,0.17942311194258484,False
6570985_54297,12.026947409879202,0.17177058833232656,True
6571197_73037,13.949111226167783,0.17721022581406587,False
6571581_80585,20.023836420626296,0.14669860361370896,False
6571589_80629,15.389377440299526,0.13667789437823322,False
6571766_85315,30.703791313126136,0.31515722305900623,True
6571877_89822,19.35804372864159,0.18247680664151755,True
6571943_93652,19.697261865548725,0.19228101883137055,False
6571973_95834,17.37870743179711,0.16519067334350432,False
6570886_105990,48.26671575734152,0.24064286569961366,False
6571342_112330,6.118150047195637,0.15352645134881185,True
6571731_125344,34.43381502244559,0.15309275575685466,False
6571218_129315,31.83201608443926,0.2661804386644823,False
6570536_130211,22.293352484541213,0.1916933345262042,False
6570584_131091,53.33089732978435,0.025356819353272598,True
6570857_135671,25.001264708010275,0.1762133961566063,True
6571224_143856,17.528410424222727,0.18687196041292184,False
6570223_154489,17.355703212488972,0.13247806468639514,False
6570812_157244,24.019662986811454,0.19360433615608538,False
6571647_172906,50.10362048794479,0.0860950073329662,False
6571786_175084,17.643387231481373,0.1675675152574647,False
6571815_176422,13.839226062175586,0.18310460492700661,False
6571921_180900,10.837700909325742,0.16162066092390825,False
6572025_187320,19.8184159306439,0.1607563784075408,False
6572045_188352,25.734239001765722,0.26041219832913054,False
6573054_12570,30.90727878671948,0.137109713992902,False
6573342_18710,21.892056824336997,0.18831735434297142,False
6573389_19770,5.74459485081411,0.1511700752858239,False
6573457_19909,24.847584610983823,0.17275213746537407,False
6572810_36594,7.478648273585274,0.14911971876085145,False
6573439_48371,3.731168181682512,0.14616810478958425,True
6573355_66515,6.999993285711067,0.1548285496549962,True
6573635_73278,26.16636818513414,0.17198216687479526,False
6574059_86313,11.288903755458275,0.1716807447388323,False
6574195_94719,16.8402303131519,0.18996103034796513,False
6573002_105070,16.862243059569508,0.15600128067123403,False
6573118_109417,12.465028600047415,0.1762627697665522,False
6573549_118881,22.444481593478606,0.17609730022527056,True
6572667_123904,21.997782911011736,0.1512772053258664,True
6573052_133911,15.72402200456359,0.16553444681070129,False
6573283_137801,11.719030079319703,0.16883953977192429,False
6573289_137840,13.111674950211356,0.1525111031434556,True
6573637_149910,14.89648287348393,0.1840585065510972,False
6572711_151121,12.786603653824576,0.16150729314634543,False
6572742_151810,6.470427574743416,0.14434742767611008,False
6572748_151875,11.300465698368363,0.1590590801402935,False
6573407_164173,20.954929587092387,0.21999430423510336,False
6573460_165541,8.366077037656297,0.16112257387284157,False
6573628_169738,10.13316031650541,0.1593296137079808,False
6573827_177956,10.624171544172277,0.16500357070036978,False
6573833_178030,7.406747261787729,0.15734175892414834,False
6573909_179249,14.53728736731857,0.13974609243508476,False
6574054_184721,11.642106725159325,0.17250772999808034,False
6574733_187462,9.44445895750519,0.15910472863277392,False
6574263_195195,8.880158219311188,0.16205200068257153,False
6574291_197101,30.660501512532374,0.2604016048346908,False
6576093_12289,21.318887635146442,0.21733764947786688,False
6576391_49864,28.586468634653006,0.25592320447039857,False
6576412_50939,9.057638213132602,0.1619170424058884,False
6575067_56395,26.832132155309612,0.12843965497882093,False
6575701_68132,21.59981122602695,0.22387176326497324,False
6575742_100278,10.222376876245562,0.14386294353126378,False
6575870_101889,19.282084793922053,0.1763952701004495,False
6576429_112914,19.21429126978146,0.21181782211897227,False
6576458_113364,23.569052590208205,0.14313413635890335,False
6575393_120079,29.423230550026283,0.2656721813020614,True
6576001_133441,24.058398034781952,0.22829423127702547,False
6575640_151252,17.3669459030654,0.1797497140082232,False
6575832_153566,12.433004866081252,0.17037549026845705,True
6576291_161043,22.549431079297765,0.23352886156232558,False
6576369_161828,18.30434729784157,0.204198657618096,False
6576598_173689,30.083869332251794,0.3010721682768536,False
6577465_6343,27.90195928604298,0.22080582786401118,False
6577506_8061,16.43240518000941,0.18649964640534694,False
6577854_15786,29.74518912362132,0.16497898152045964,False
6578221_22638,10.304191040542676,0.16211026910644288,False
6577427_30579,44.9961053092376,0.7092630850172793,False
6577489_34621,29.176458541090966,0.2051385698833334,False
6577668_38314,29.308062542583738,0.2243892184361017,False
6578432_54035,20.65130400241108,0.21339299125612401,False
6577483_60129,11.523860507659744,0.16882401083208076,False
6577665_64085,24.18768415950564,0.20215218641095126,False
6577688_64278,27.64002612155061,0.2709484843558988,False
6577758_65877,13.908280878670807,0.17141167317705813,False
6577868_68778,25.429987829332518,0.25530760545497583,False
6577886_69090,10.764509556872527,0.14584619785263997,False
6578311_102201,49.4261115302428,0.33527596050776365,False
6578835_112604,26.719094670291508,0.26649796338435194,False
6578884_115753,24.796242658919113,0.22510092307201443,False
6577733_125635,11.382253731137784,0.16882889881513347,False
6578737_142893,18.663299815413136,0.19643565580792388,False
6577413_148230,9.617727902160675,0.16357952661793054,False
6577471_149898,16.021960710225198,0.1482743225846752,False
6577867_158039,24.269510501862207,0.21870888810974312,False
6578248_163660,29.592263347030418,0.24554446590743764,False
6578483_167768,20.100922267398577,0.16241239050287354,False
6578562_175369,27.679469431331235,0.2540872756155015,True
6578808_184344,32.6222688512004,0.2561403137282621,False
6578832_186014,26.18153412235425,0.2557930183003271,False
6592550_6404,12.604151419274523,0.16339361803448862,False
6593290_15532,14.933340450147112,0.14478422444269018,False
6593466_19240,19.07528309095307,0.1967017755415248,False
6593498_19451,17.347512790022666,0.19523089503891372,False
6593676_21064,18.977949309659355,0.2061381793594972,False
6593887_22892,22.055989209282814,0.16004794231376332,False
6592893_43996,19.936653931891378,0.1809610282684,False
6592951_45285,24.731201365885973,0.25145974456158365,False
6593044_45496,23.89230244241856,0.24309869053117492,False
6592914_67188,32.85163887844867,0.307588838493868,False
6593604_80086,11.247298075537964,0.17133338041103016,True
6593920_85184,12.770988528692678,0.15893590213821032,False
6592469_102368,23.750473679486902,0.23526157541003462,False
6593340_117751,10.897121179467542,0.1651431341869306,False
6594015_135683,5.545819326303373,0.14948723696474878,False
6594031_135697,11.849921603116197,0.14500509460505145,True
6594399_140251,8.078044565363573,0.14372451057921354,True
6592401_151585,11.948311889133125,0.16579440722819475,False
6593663_162526,21.903538526913863,0.1514175129534293,False
6594614_173116,21.94299469078913,0.14626328842229241,False
6594797_175301,2.287638083264047,0.14156265261598405,False
6595255_184104,13.73699810730132,0.18285131247811712,False
6592779_3750,27.96015096525768,0.27993847873733435,False
6594189_7676,29.646871150257997,0.18664555458528662,False
6593434_8755,47.536648451484254,0.22810373036328932,False
6593451_8801,47.35777639416783,0.21802471349743424,False
6594295_15036,34.38326326863115,0.15684948296872198,False
6595107_27842,22.076947094197603,0.22659575033129412,False
6595114_27886,20.651728474875902,0.2207446211482113,False
6593313_35543,21.63515075057255,0.12087926761530057,False
6594564_46089,18.7585351240442,0.16126287545146217,False
6594728_48147,17.051856203944485,0.19749280337519795,False
6594882_49348,15.658529305142292,0.19137136850814856,True
6595345_54016,23.57700765576497,0.23344148071580426,False
6594561_74743,15.294991369726237,0.1684330505546828,False
6595235_88830,36.513673055445956,0.2623346074978337,False
6593409_97223,18.228521936789058,0.17308742222125612,False
6593427_97271,23.932134255013693,0.21166468136739242,True
6593746_130446,42.40832164799734,0.41512465973966295,True
6593292_146318,26.03958396365042,0.16910515921539498,False
6594842_166714,30.938539881513478,0.18684134736525848,False
6595097_173614,20.61238998757786,0.14950443263265323,False
6596160_21786,14.202015525973767,0.18231195278386747,False
6596844_30554,24.885527621491168,0.15388848131717234,False
6596506_46739,27.69479911463522,0.19459371252521387,False
6595712_72174,14.679816415745806,0.15918828791965622,False
6595766_73974,23.864577201366885,0.2105034819329688,False
6595819_74765,12.498205031123472,0.17614035478958417,False
6596486_84124,16.960758856843643,0.19885079656150662,False
6597000_90267,20.576118681617288,0.19847560710953144,False
6597756_91450,13.21481203044523,0.16797529872073966,False
6597230_94466,19.97262929611422,0.16360135325698993,False
6595645_104807,23.733169299526768,0.2289003401624429,True
6595711_107695,8.577616743594925,0.15094669401425212,True
6596183_115307,31.95950113815921,0.24845096239077205,False
6596873_137861,13.977202044758457,0.14444065603552927,True
6597583_144490,14.410799353262817,0.14020618309553656,False
6597662_146518,20.889133371205233,0.1373071723396998,False
6595603_153987,41.17639549547774,0.41744342129407386,False
6595620_154078,2.7785247884444026,0.14341354629158712,False
6596635_165409,16.272497810723465,0.1937830770036894,False
6596939_166653,23.984772189870807,0.2123965542501386,False
6597376_171268,17.100781093271735,0.19878073346356878,False
6597821_179619,7.046309743404701,0.1447735770791011,False
6598042_184164,11.986123017890314,0.14395891799860672,False
6597313_19554,17.659542264736082,0.20033759640960272,False
6597453_22966,9.16222298353407,0.16329307588757816,False
6598159_52801,18.604971405514174,0.20255322673171589,False
6598163_52867,7.857436286728642,0.15932663286580756,False
6598232_56647,36.674525831972254,0.12433724453350703,False
6596117_62905,17.216975402201165,0.13745805220971188,False
6596741_72032,5.338881156197431,0.15092821518594657,True
6596964_78677,16.478411725648805,0.12496967630867287,False
6597859_95996,17.363405771910074,0.16311880890017905,True
6596390_103225,16.103899062028425,0.1687864311735967,False
6597205_111196,5.949081273608556,0.1529549585312958,False
6596525_134442,10.989724018372803,0.1681537374571812,False
6597026_142787,31.518269908102507,0.26750290405104604,False
6597176_144821,34.30139148780994,0.1852120909142965,False
6598106_185441,13.66171306974349,0.182547850178907,False
6598233_195192,16.026499867407107,0.19338644423089818,False
6598255_197958,20.00559544227564,0.17403747837305306,False
6604489_9159,17.972848967261697,0.1948259054616574,False
6605709_22683,9.406292362030857,0.15445352851190702,False
6605826_24251,36.714081453850916,0.10206337729306372,False
6605983_29068,17.17667002069959,0.15667885360097777,False
6603570_35557,17.87881931224766,0.19534888508213916,False
6604201_43775,24.694546219762774,0.1821566162432777,False
6604536_48063,13.687461488530298,0.1434534472262767,False
6605141_56143,20.886110336776447,0.18786408956162412,False
6603662_61424,18.01739659329283,0.19550127953531826,False
6605580_78335,16.003408886859077,0.1938746729994223,False
6603674_93959,16.003859347045015,0.18701284986457417,False
6604231_96868,28.117559246847865,0.28038498018815056,False
6605425_104432,17.465815755354804,0.14306662074617632,False
6606338_118738,27.886426124550276,0.2772819920798154,True
6604918_133353,17.80847789677714,0.15988524553424852,False
6604961_134406,12.991849906768476,0.13307631238655807,False
6605691_141438,9.226338493682094,0.1639455802437209,False
6603314_148326,44.82789571237981,0.09390130686491299,False
6603331_148354,13.622256274200689,0.17955791042043862,False
6604063_157165,20.117248445053317,0.21723182500455124,False
6604768_163640,26.287669276677995,0.1808381719743779,False
6605448_168294,19.664884159333358,0.1335335551660748,False
6606219_181738,11.53950817842771,0.13063689562397116,False
6604543_15778,9.928415633926692,0.16025797073655446,True
6605258_46683,11.28527274814393,0.15895548998581163,False
6605930_54552,7.4689009901055705,0.15485140575738515,False
6603760_64222,25.41561917404335,0.1744018774906905,False
6605650_86147,24.023678402775875,0.1691735702605898,False
6605690_86550,28.029622937171307,0.1962249042551496,False
6604958_101054,16.212144367726314,0.14610217620314622,False
6605988_111559,14.665764248752946,0.1869998934093269,True
6604605_151212,12.273520318148337,0.17322819750982674,False
6605054_154552,25.166313059325955,0.16862035934019073,False
6605674_160372,14.588944444338663,0.1688065933290184,False
6606128_167289,17.743222931587148,0.13639061334285457,False
6606216_168828,20.85230032874071,0.22233859671545364,False
6606280_174861,23.40745891804576,0.22908775141659485,False
6606440_184316,9.95856460540373,0.1451100005735247,True
6606737_6088,5.261718445527088,0.14643157079526242,False
6606857_9734,17.244965410229153,0.19519712707994483,False
6607396_14172,19.32988825627298,0.21165706262560893,False
6607794_18442,23.532460134886026,0.22706271142485981,False
6607966_20255,14.975092286860871,0.1585776911915006,False
6606585_31507,16.847557567790055,0.17610851780932432,False
6607238_41326,12.82536459520742,0.16829471576285854,False
6608410_52659,10.532082510121157,0.14766869070780458,False
6608437_52784,22.95522156286016,0.18742224205553337,False
6607543_64307,25.78000560511964,0.2494392227432488,False
6607681_65708,14.301753214204194,0.16351897080190228,False
6607725_65869,7.893706987214563,0.13619890135079618,False
6607795_71524,10.836636240088524,0.16734268588154316,False
6608651_78259,20.244070563994782,0.19345739022589467,False
6608665_78294,7.021022717524849,0.15539056423786407,False
6608845_80273,21.07099544397464,0.13047603910819094,False
6606694_92772,13.839556423527455,0.1634851648133184,True
6606834_98360,11.79936811867483,0.1506762109370075,False
6607158_104147,9.639833401050039,0.16496439995427012,False
6607267_105009,16.831125482272423,0.18087821888339986,False
6607963_110423,10.921865454216146,0.16649815703821702,False
6606598_119293,13.677272388893924,0.16284894277284323,False
6606907_124221,17.59331728242289,0.16991959916066607,False
6608135_130656,14.117678137710888,0.18049479508689062,True
6608719_137205,12.722084420408471,0.1767278020275202,False
6609092_141039,16.895957179159755,0.15097674684971282,False
6607749_163175,14.011384656771076,0.14171106885894078,False
6608687_175625,13.948891425486115,0.17307756342118774,False
6607651_7622,38.6888190566732,0.14981253431426034,False
6608183_9413,24.171859713311264,0.23316817731478542,False
6608436_10267,16.344010064852508,0.19328727683689256,False
6609239_19378,14.139687832480602,0.13468975811564304,False
6609501_28872,13.956416624621093,0.16291127203663666,False
6607488_45758,24.843531995269913,0.2389747688601016,False
6607760_49541,14.99065552269146,0.16934846583077948,False
6607997_53075,9.998464932178342,0.16146926585698304,False
6607368_67220,29.89433558385267,0.29069483986674227,False
6607427_68737,12.30649690204325,0.16822783019680904,False
6608103_78342,33.72674099286796,0.2048580662020918,False
6608171_78651,16.62176937031675,0.1716888539519399,False
6608753_84903,16.203008115778992,0.1802401576190757,False
6608786_85163,26.445710616279534,0.2579694808342232,False
6609396_95826,8.599992848834237,0.14068105851577845,False
6607854_101763,29.44825373430486,0.273047050894201,False
6607868_101922,24.834799979061643,0.17477687039409726,False
6607971_102965,6.052261147703394,0.14263797767841846,True
6609070_107218,22.266283255182042,0.22024151441422446,False
6609431_112085,29.02467965370161,0.27064777435636334,True
6609556_115951,31.41220566913441,0.131996277073595,False
6609596_118089,16.688393331893874,0.19631879678795186,True
6609648_124666,7.588199522943501,0.1568859154402461,False
6607340_129952,9.8898867536489,0.14353997134363206,False
6608216_137399,29.77448184267864,0.19875127602006784,False
6608314_138129,28.847518177479323,0.26816383189889226,False
6608671_143691,17.520156734458745,0.1918996414011795,False
6608827_148235,28.054668862775763,0.26990017627370183,False
6607130_154722,18.476711828677743,0.2018935298408498,False
6607256_157524,10.02421328583944,0.16599767637775842,False
6607524_158531,29.555640493821144,0.27451616292396114,False
6607937_162541,22.23994291809221,0.21157501198287926,False
6608023_166560,17.59702616921393,0.18060947306392505,False
6608769_174578,20.766632586916927,0.20849090014528024,True
6608867_177295,19.180795916749652,0.21145134047529848,False
6609011_183060,25.63598901934544,0.2594777871695006,False
6609196_186228,20.409326520000604,0.19673767163999237,False
6609331_188922,17.381243022292736,0.19123078528780232,True
6613985_5813,43.486382788178645,0.600950168336227,False
6616538_21964,16.888124881110986,0.17697997259146148,False
6616911_25084,10.851645266962977,0.14554080568467356,False
6617112_28829,15.413546152654167,0.18752498056326386,False
6615370_50234,24.928727945886045,0.2533428688081599,False
6614060_63695,19.488172926162164,0.19305863262685616,False
6614097_63951,26.70561613219212,0.23493818491354496,False
6617109_79735,9.023280334778477,0.13303340639002442,False
6615705_85972,23.798516109203113,0.23249908744847148,False
6617274_93307,35.59059035756502,0.32843065568295104,False
6616272_93575,19.15310235967009,0.16125675112127386,False
6614494_100550,20.402717588595888,0.2043442525360345,False
6614541_100792,11.230099955031562,0.17087059737461727,False
6614729_102962,18.280428550775284,0.19081807409207024,False
6614828_104140,16.87709966196799,0.18551198091962,False
6614983_105463,18.362354642038692,0.20349266573663277,False
6615415_109966,26.12801550060777,0.20083510786554448,False
6615591_110983,25.268337183123073,0.20410468206246357,False
6616820_121911,7.206530926874595,0.1542431183973947,False
6616831_121965,3.4089677323201517,0.14375946737478648,False
6614115_125603,6.5077716616365695,0.1511245437366197,False
6615305_135154,19.473400345086112,0.20965811900302192,False
6614496_154097,22.025532570178637,0.22434990506568014,False
6616363_169336,4.872720184865948,0.14493129661627796,False
6614345_5058,21.182423846198525,0.2176952358894956,False
6614786_7556,32.66938758226116,0.26435722322560395,True
6615297_16212,29.942238326484546,0.29121699699507597,False
6615390_17756,30.709183137947516,0.2251296267512782,False
6616317_26690,24.584772888924558,0.17088948268679174,False
6613941_28457,24.361636747148168,0.16062465251927346,False
6615519_41935,21.859563239003656,0.19188838167349134,True
6614413_60187,11.472450653631073,0.17129673256989905,False
6616921_86340,12.81700659280473,0.15940371223431765,True
6616614_115502,49.39784290837,0.2603516747658349,False
6616287_140361,6.074310001967299,0.1530200808320027,False
6616301_140422,8.05152016702436,0.1501922552572493,False
6615448_160256,11.843901806414976,0.1727771449135077,False
6619631_13680,25.46507522078032,0.12685020105328645,False
6619827_15762,10.339342967519745,0.1358856900546667,False
6620028_18768,9.98996506500398,0.16634983503448592,False
6620274_22588,4.246454167891135,0.14770304491768962,True
6618368_43390,17.71082462789353,0.15572538110011752,False
6618623_45870,5.755540808646917,0.13925635538979264,False
6618734_67230,21.66260501417131,0.20843393907655222,False
6620066_78143,16.229235132932175,0.1950396101419276,False
6617928_91988,22.317580200371186,0.15184079717019683,True
6618208_96359,3.039256817052487,0.13990473189788669,True
6619513_131613,44.26620349657287,0.13512117823678557,False
6620257_137671,20.787510192420832,0.17992748594926214,False
6618508_148624,31.05882253080435,0.25499586462367,False
6619130_154115,13.461170008583952,0.17729345037359837,False
6619695_157992,23.575107210784854,0.17122676523899052,False
6620359_165116,24.15984540513453,0.21800142417019827,False
6620406_165743,30.35589901485377,0.1302491333753387,False
6620447_166309,13.272808670360616,0.1422098681754421,False
6620766_177719,28.02424810766562,0.16112302809740198,False
6617749_6355,21.41586442336615,0.2112736452555012,False
6618120_10235,9.432140054091649,0.14543493140511507,False
6618789_15567,11.088670253912326,0.15278427836785594,False
6619025_17510,10.133906699787604,0.16093297905241763,False
6619341_20186,8.477998879452628,0.15748563118296083,True
6620088_28141,6.482235571159072,0.15339193863385506,False
6618710_40026,4.593070106149047,0.14769113502002224,False
6619993_48780,15.913008043735793,0.18151489845511834,False
6620540_56183,16.499831302167912,0.18511998969944427,False
6618212_64295,29.012478918561925,0.16290182490304095,False
6618458_66920,13.163480542774389,0.17931294090736116,False
6619022_73178,16.259046774027066,0.1784103776274022,False
6619579_78470,14.627178982975492,0.15077249757029274,False
6619940_83242,20.961674980783382,0.18876609847363943,False
6620007_84359,19.052630789473664,0.18932938533050261,False
6618596_99600,17.068538806822335,0.1389402684462464,False
6618641_100138,22.188087366873244,0.18453754373011663,False
6618956_106050,21.46595089904009,0.19747057159878348,False
6618984_106284,26.356874795771976,0.2582247154980298,False
6619458_111181,45.277295082634964,0.3820757719497914,False
6619470_111235,5.527621549997794,0.15165822156095532,True
6617701_115812,13.718208119138593,0.15832674388367438,False
6617728_115859,9.538646025511168,0.14199067807899265,False
6617815_117291,13.94013289032784,0.1635011282214182,False
6617908_118511,29.8878968480554,0.290354907103783,False
6618919_127063,20.991798446059832,0.20233198824038012,False
6619032_127735,12.141157111247674,0.174367366951815,False
6619398_131818,14.598377615337945,0.17635577222186144,False
6619713_137132,9.730144911562212,0.16206975151822167,True
6619975_140474,15.824541857507283,0.192976929251613,False
6617719_142969,5.430405970091004,0.14097192561987815,False
6618707_149737,50.267185170844805,0.6888938394460412,False
6620205_156880,16.50621531423845,0.1861984565902516,False
6620334_158675,6.435151357971311,0.15452879214996765,True
6620454_161039,14.008047115854517,0.1617531355026296,False
6620461_161093,12.40217178561884,0.16674781831901658,False
6620672_166201,4.695782469408055,0.14801363794242337,True
6620857_178109,11.219768268551718,0.17175979914440806,False
6620866_178335,17.19473873020465,0.19791973130901644,False
6620876_178805,8.59910954692403,0.14297779724950826,False
6620964_186370,10.248862814966348,0.16581657031097968,False
6625412_32247,27.150718977588788,0.253226069996747,False
6624170_41617,19.5361619823342,0.16528893529244107,False
6624589_45279,15.792794116305066,0.17596378831341078,False
6626005_51086,12.34156574345411,0.17100211327110965,False
6626017_51140,12.108099809631566,0.16550971420394156,True
6623948_61086,12.795581307623348,0.1639369706572954,True
6624551_70390,23.22417570119551,0.2099060304426584,False
6626066_94143,24.29474926810318,0.22695262868412602,False
6624216_104471,46.347312694481,0.42915364479436835,False
6624577_137858,12.848070983614624,0.17128078118078868,False
6625390_146849,30.125950076304644,0.23362900372192585,False
6625431_147614,30.306271050724796,0.22422387970619412,False
6625535_149112,23.139519657935857,0.19504006460398188,False
6624554_160077,57.5682512588319,0.007179272962398212,False
6624988_163664,14.561544766953812,0.16703984778523912,False
6625353_167232,22.874858338359168,0.2140550650086249,False
6625977_180447,7.130773099741712,0.15469097331296258,False
6626157_186822,12.649558411264799,0.17154944337179043,False
6626270_190912,11.118322265521895,0.15727304315118323,False
6626284_191442,25.70532217265522,0.19934656541066967,False
6626309_193227,21.465270648188902,0.15998294128479743,False
6626352_194588,18.911743230067398,0.2023100059068467,False
6626395_200785,26.29279264361243,0.2654483293850859,False
6623905_10129,12.171181208083297,0.1456158366525025,True
6623426_30384,8.298061520620342,0.1564705880040845,False
6623431_30436,6.74710404544053,0.15550830493041723,True
6623996_49401,4.403703100800508,0.14811186583823752,True
6624221_54502,8.75300822574731,0.15379151237745076,False
6623503_55837,21.828876402600294,0.22326227129025747,False
6623728_62402,24.401201466321286,0.23024755080001108,False
6623747_63496,26.543216553387044,0.2195238748076623,False
6623945_67296,17.7502436321308,0.12996506102947863,False
6624351_73129,51.025135786198554,0.05337436609274611,False
6624490_74237,30.320988127038344,0.14879595744396987,False
6624684_76201,21.41108241075168,0.18938628218488623,False
6624702_76244,7.675612353421712,0.15736544883064035,False
6625008_79864,14.96613259997385,0.16955197212232911,False
6625234_84521,17.536917174919886,0.17536302285064054,False
6624980_99817,7.782479039483499,0.15592549654330992,False
6625599_106520,44.589258852329,0.7021185531066667,False
6625646_107698,24.24293226901399,0.22865267059348504,False
6624357_124542,21.131061970473706,0.17621013234669908,False
6624645_126196,24.916153194263355,0.2532326713145115,False
6625344_132185,13.998763552542774,0.13608460253887783,False
6625478_134947,27.558004644748866,0.16345117049893568,False
6625621_138645,27.498302583977797,0.21974603666554096,False
6624686_150891,28.15069848156525,0.27407792544552656,False
6625722_159717,6.85316000105061,0.1528845261661051,False
6626181_169301,19.847615297561568,0.17528643600439717,True
6626567_1758,21.88158810507135,0.22423218544198123,False
6626583_1863,7.569973447773775,0.15816066313043062,False
6626587_1911,14.724281782144757,0.1808801832587873,False
6627047_9450,9.675931479707781,0.16586441867336818,False
6627879_19350,22.65500167733386,0.17035981627703448,False
6628354_25652,11.74100208670452,0.17335428999949593,False
6626716_35723,15.778659322008318,0.14502585844650795,True
6626784_39309,20.94714667920192,0.2226711674402709,False
6626874_41217,11.51681631354777,0.17189213305106743,False
6627520_47840,10.77062714051508,0.17019736311676323,True
6627908_54941,14.872020205742057,0.15791187233100368,False
6626814_63183,14.755445266070423,0.17843786326326708,True
6627013_68525,30.226857147245724,0.26802710405858154,False
6627885_79765,5.315772474438684,0.14970392527757875,True
6628198_86858,17.35076151066575,0.19709805702993707,False
6626691_94399,11.19582873216628,0.16819190699715303,True
6627735_110382,24.151541669218552,0.2452624398591403,False
6627759_110416,3.8283808587965726,0.14645560404564642,False
6626459_116791,11.251584777265824,0.1679201732844692,False
6627310_136074,18.772637108302074,0.17650123531338288,False
6627338_156137,21.599013542289377,0.16628982865463324,False
6628447_168405,16.507724494914495,0.17904671854206314,False
6628814_173879,12.98812696273023,0.17574047636909018,False
6629161_188282,17.19100753300981,0.1517701801230551,False
6627572_5884,11.36689940133192,0.17156696313612954,False
6627384_6184,19.977565742602376,0.18927992909204616,False
6628988_27446,9.321399304825428,0.15868748561311843,False
6629005_28528,7.028034220178498,0.15490049263325326,False
6628407_41063,11.235738382500722,0.17178901745981523,False
6629051_56413,23.6907727396132,0.22253514037338432,False
6627233_63213,23.256469078516627,0.22502244547742206,False
6627964_69756,32.11371615057965,0.15430883207680343,False
6628967_85616,19.027785919544076,0.1753231202182475,False
6628996_86859,14.423186887785931,0.15169503905146542,False
6629054_88355,10.34422205871471,0.14154203175071983,False
6628168_101343,16.387684766311562,0.13930808406069994,False
6628550_105358,37.62463821752974,0.1750133223104232,False
6628781_107571,12.761099051414027,0.17826711215586882,False
6628972_110868,16.329872320382666,0.19525176797345506,False
6629049_112262,12.914294792980371,0.17852601513622265,False
6629155_114049,20.517441604644574,0.1640544200300828,False
6629171_115035,9.536752329802846,0.1652660276110384,False
6628478_140937,18.781937093920853,0.20885334752320597,False
6627509_150782,34.45256845287446,0.3548981737938113,False
6627825_154652,20.60934011558837,0.18415287722310397,False
6627868_155455,8.043265505999413,0.15682461122790486,False
6628365_161263,6.66956737727418,0.15153670539864283,False
6628774_169457,16.038124734519307,0.17813490454645511,False
6629000_174126,17.31707302057712,0.2008660119278141,False
6629091_176170,23.214575163030663,0.22321425089351246,True
6629195_182522,9.928452548106378,0.1668512886199892,False
6629216_184189,7.007287777735405,0.1547981458567156,False
6629234_185827,11.810788500350007,0.1690240662891748,False
6629253_188178,10.454901864675726,0.16831903170701173,False
